Workbook

Sheet 工作表1
A1: 欄1 | B1: 欄2 | C1: 欄3 | D1: 欄6 | E1: 3月11日(系演講後) | F1: 3月13日 | G1: 3月27日 | H1: 4月10日 | I1: 4月17日 | J1: 5月6日(系演講後) | K1: 5月8日 | L1: 累計週數 | M1: 達標
A2: 序號 | C2: 學號 | D2: 姓名 | E2: 勞動法令(計3週) | F2: 價值概念與成本意識(計3週) | G2: 問題辨識與分析解決(計3週) | H2: 環境演變與學習創新(計3週) | I2: 職場倫理(計3週) | J2: 勞動法令(計3週) | K2: 職場倫理(計3週) | M2: 達12週
A3: 1 | B3: 資管系 3B | C3: B2201483 | D3: 楊紹緯 | L3: =SUM(E3:J3) -> 0 | M3: =IF(L3>=12,"是","否") -> 否
A4: 2 | B4: 資管系 3B | C4: B2213813 | D4: 劉翰襄 | L4: =SUM(E4:J4) -> 0 | M4: =IF(L4>=12,"是","否") -> 否
A5: 3 | B5: 資管系 3B | C5: B1202516 | D5: 陳宥叡 | L5: =SUM(E5:J5) -> 0 | M5: =IF(L5>=12,"是","否") -> 否
A6: 4 | B6: 資管系 3B | C6: B1202532 | D6: 林士凱 | L6: =SUM(E6:J6) -> 0 | M6: =IF(L6>=12,"是","否") -> 否
A7: 5 | B7: 資管系 3B | C7: B1221821 | D7: 徐瑋柏 | L7: =SUM(E7:J7) -> 0 | M7: =IF(L7>=12,"是","否") -> 否
A8: 6 | B8: 資管系 3B | C8: B1221839 | D8: 黃冠綸 | L8: =SUM(E8:J8) -> 0 | M8: =IF(L8>=12,"是","否") -> 否
A9: 7 | B9: 資管系 3B | C9: B1221847 | D9: 呂佩恩 | L9: =SUM(E9:J9) -> 0 | M9: =IF(L9>=12,"是","否") -> 否
A10: 8 | B10: 資管系 3B | C10: B1221936 | D10: 莊隆盛 | L10: =SUM(E10:J10) -> 0 | M10: =IF(L10>=12,"是","否") -> 否
A11: 9 | B11: 資管系 3B | C11: B1221944 | D11: 劉家暘 | L11: =SUM(E11:J11) -> 0 | M11: =IF(L11>=12,"是","否") -> 否
A12: 11 | B12: 資管系 4A | C12: B1221987 | D12: 李品鋒 | L12: =SUM(E12:J12) -> 0 | M12: =IF(L12>=12,"是","否") -> 否
A13: 12 | B13: 資管系 4A | C13: B1221995 | D13: 林芷暄 | L13: =SUM(E13:J13) -> 0 | M13: =IF(L13>=12,"是","否") -> 否
A14: 13 | B14: 資管系 4A | C14: A9226209 | D14: 陳必堯 | L14: =SUM(E14:J14) -> 0 | M14: =IF(L14>=12,"是","否") -> 否
... A18: 17 | B18: 資管系 4A | C18: B3402059 | D18: 司毓文 | L18: =SUM(E18:J18) -> 0 | M18: =IF(L18>=12,"是","否") -> 否

Sheet 工作表4
A1: 原始排序 | C1: 學號 | D1: 姓名 | E1: Email | F1: Email #2
A2: 1 | B2: 資管碩 1 | C2: B4102431 | D2: 鄭硯宇 | E2: B4102431@ulive.pccu.edu.tw | F2: ryandotcheng@gmail.com
A3: 2 | B3: 資管碩 1 | C3: B4105627 | D3: 陳昱昊 | E3: B4105627@ulive.pccu.edu.tw | F3: howard030901@gmail.com
A4: 3 | B4: 資管碩 1 | C4: B4105651 | D4: 葉祐綸 | E4: B4105651@ulive.pccu.edu.tw | F4: a0978551339@gmail.com
A5: 4 | B5: 資管碩 1 | C5: B4105660 | D5: 葉祐銓 | E5: B4105660@ulive.pccu.edu.tw | F5: blast920624mnt@gmail.com
A6: 5 | B6: 資管系 3B | C6: B2201483 | D6: 楊紹緯 | E6: B2201483@ulive.pccu.edu.tw | F6: 041012tabao@gmail.com
A7: 6 | B7: 資管系 3B | C7: B2213813 | D7: 劉翰襄 | E7: B2213813@ulive.pccu.edu.tw | F7: 5fenggan4@gmail.com
A8: 7 | B8: 資管系 4A | C8: B1202516 | D8: 陳宥叡 | E8: B1202516@ulive.pccu.edu.tw | F8: rex20040811@gmail.com
A9: 8 | B9: 資管系 4A | C9: B1202532 | D9: 林士凱 | E9: B1202532@ulive.pccu.edu.tw | F9: skylin.car@gmail.com
A10: 9 | B10: 資管系 4A | C10: B1221821 | D10: 徐瑋柏 | E10: B1221821@ulive.pccu.edu.tw | F10: xd90025@gmail.com
A11: 10 | B11: 資管系 4A | C11: B1221839 | D11: 黃冠綸 | E11: B1221839@ulive.pccu.edu.tw | F11: allen200493@gmail.com
A12: 11 | B12: 資管系 4A | C12: B1221847 | D12: 呂佩恩 | E12: B1221847@ulive.pccu.edu.tw | F12: peniii1218@gmail.com
A13: 12 | B13: 資管系 4A | C13: B1221936 | D13: 莊隆盛 | E13: B1221936@ulive.pccu.edu.tw | F13: a31779373@gmail.com
... A21: 20 | B21: 資管系 4B | C21: B3402059 | D21: 司毓文 | E21: B3402059@ulive.pccu.edu.tw | F21: ak840206@gmail.com
A22: 20 | B22: B3402059 | C22: 司毓文 (F) | D22: UBIMD 資管系 | E22: 4B

Sheet 工作表3
A1: 原始排序 | C1: 學號 | D1: 姓名
A2: 1 | B2: 資管系3B | C2: B2201483 | D2: 楊紹緯 | E2: =VLOOKUP(D2,#REF!,1,FALSE) -> #REF! | F2: =VLOOKUP(D2,工作表2!A$1:A$12,1,FALSE) -> 楊紹緯
A3: 2 | B3: 資管系3B | C3: B2213813 | D3: 劉翰襄 | E3: =VLOOKUP(D3,#REF!,1,FALSE) -> #REF! | F3: =VLOOKUP(D3,工作表2!A$1:A$12,1,FALSE) -> 劉翰襄
A4: 3 | B4: 資管系4A | C4: B1202516 | D4: 陳宥叡 | E4: =VLOOKUP(D4,#REF!,1,FALSE) -> #REF! | F4: =VLOOKUP(D4,工作表2!A$1:A$12,1,FALSE) -> 陳宥叡
A5: 4 | B5: 資管系4A | C5: B1202532 | D5: 林士凱 | E5: =VLOOKUP(D5,#REF!,1,FALSE) -> #REF! | F5: =VLOOKUP(D5,工作表2!A$1:A$12,1,FALSE) -> 林士凱
A6: 5 | B6: 資管系4A | C6: B1221821 | D6: 徐瑋柏 | E6: =VLOOKUP(D6,#REF!,1,FALSE) -> #REF! | F6: =VLOOKUP(D6,工作表2!A$1:A$12,1,FALSE) -> 徐瑋柏
A7: 6 | B7: 資管系4A | C7: B1221839 | D7: 黃冠綸 | E7: =VLOOKUP(D7,#REF!,1,FALSE) -> #REF! | F7: =VLOOKUP(D7,工作表2!A$1:A$12,1,FALSE) -> 黃冠綸
A8: 7 | B8: 資管系4A | C8: B1221847 | D8: 呂佩恩 | E8: =VLOOKUP(D8,#REF!,1,FALSE) -> #REF! | F8: =VLOOKUP(D8,工作表2!A$1:A$12,1,FALSE) -> 呂佩恩
A9: 8 | B9: 資管系4A | C9: B1221863 | D9: 廖芳邑 | E9: =VLOOKUP(D9,#REF!,1,FALSE) -> #REF! | F9: =VLOOKUP(D9,工作表2!A$1:A$12,1,FALSE) -> #N/A
A10: 9 | B10: 資管系4A | C10: B1221936 | D10: 莊隆盛 | E10: =VLOOKUP(D10,#REF!,1,FALSE) -> #REF! | F10: =VLOOKUP(D10,工作表2!A$1:A$12,1,FALSE) -> 莊隆盛
A11: 10 | B11: 資管系4A | C11: B1221944 | D11: 劉家暘 | E11: =VLOOKUP(D11,#REF!,1,FALSE) -> #REF! | F11: =VLOOKUP(D11,工作表2!A$1:A$12,1,FALSE) -> 劉家暘
A12: 11 | B12: 資管系4A | C12: B1221987 | D12: 李品鋒 | E12: =VLOOKUP(D12,#REF!,1,FALSE) -> #REF! | F12: =VLOOKUP(D12,工作表2!A$1:A$12,1,FALSE) -> 李品鋒
A13: 12 | B13: 資管系4A | C13: B1221995 | D13: 林芷暄 | E13: =VLOOKUP(D13,#REF!,1,FALSE) -> #REF! | F13: =VLOOKUP(D13,工作表2!A$1:A$12,1,FALSE) -> #N/A
... A19: 18 | B19: 資管系4B | C19: B3402059 | D19: 司毓文 | E19: =VLOOKUP(D19,#REF!,1,FALSE) -> #REF! | F19: =VLOOKUP(D19,工作表2!A$1:A$12,1,FALSE) -> 司毓文

Sheet 工作表2
A1: 司毓文
A2: 呂佩恩
A3: 李品鋒
A4: 林士凱
A5: 徐瑋柏
A6: 莊隆盛
A7: 陳伃豊
A8: 陳宥叡
A9: 黃冠綸
A10: 楊紹緯
A11: 劉家暘
A12: 劉翰襄
